Menu,Energy (kcal),Protein (g),Fat (g),Carbohydrates (g),Sodium (mg),Portion Size (g)
ganyong mentah,81.977,1.8,0.1,19.5,3,100
garut / irut mentah,251.906,5.5,0.3,59.5,8,100
jagung kuning pipil baru,108.028,3.3,1.3,25.1,17,100
jagung kuning pipil lama,362.085,8.1,3.6,76.9,35,100
jagung kuning segar,108.028,3.3,1.3,25.1,17,100
jagung muda berjanggel,59.033,1.8,0.7,13.8,9,100
jagung putih pipil baru,108.028,3.3,1.3,25.1,17,100
jagung putih pipil lama,362.085,8.1,3.6,76.9,35,100
jagung putih segar,108.028,3.3,1.3,25.1,17,100
kathul beras merah,216.056,15.6,4.3,64.5,2,100
katul beras,216.056,15.6,4.3,64.5,2,100
kentang,92.971,2,0.1,21.6,5,100
kentang hitam,92.971,2,0.1,21.6,5,100
kimpul mentah,112.091,2.4,0.1,26.3,3,100
krecek irut,348.94,7.6,0.4,82.4,11,100
makaroni,353.003,12,1.8,70.8,3,100
martabak manis,222.031,2.5,17.1,15.2,25,100
mie + bakso (6) + kuah,147.941,11.7,2,19.8,21,100
mie + kuah,141.01,4.8,0.7,28.3,1,100
mie ayam,141.01,4.8,0.7,28.3,1,100
mie bakso,141.01,4.8,0.7,28.3,1,100
mie basah,141.01,4.8,0.7,28.3,1,100
mie kering,325.04,9.6,6.4,56.6,2,100
mie soun,380.966,0.3,0.1,91.3,9,100
misoa,309.983,10.6,1.5,62.3,2,100
nasi goreng,249.994,3.5,17.2,20.1,9,100
nasi jagung,120.934,2.8,0.6,27.2,7,100
nasi liwet,130.016,2.4,0.2,28.6,0,100
nasi lunak and kangkung,101.097,2.4,0.2,22,4,100
nasi putih,130.016,2.4,0.2,28.6,0,100
nasi putih kukus,130.016,2.4,0.2,28.6,0,100
nasi soto,65.008,1.2,0.1,14.3,0,100
nasi tim,117.11,2.2,0.2,25.7,0,100
nasi tim ayam,140.054,5.8,3,21.5,11,100
nasi tim bayam,99.902,2.1,0.2,21.8,2,100
nasi tim daging,155.111,5.4,4.8,21.5,8,100
nasi tim wortel kentang,104.921,2,0.2,23.2,7,100
nasi uduk,118.066,2.1,1.5,23.5,1,100
nastar,206.974,4.4,2,42.9,22,100
pati ganyong,380.966,0.3,0.1,91.3,9,100
pati irut / kerut,380.966,0.3,0.1,91.3,9,100
roti bakar meises,283.932,8.6,4.3,52.5,579,100
roti choklat,283.932,8.6,4.3,52.5,579,100
roti daging,284.888,10.3,5.8,46.7,553,100
roti goreng,396.023,7,22.4,41.5,487,100
roti isi kac ijo,257.881,8.7,2.8,48.8,549,100
roti isi nanas,251.906,7.5,2.6,49.1,518,100
roti isi strawberry,251.906,7.5,2.6,49.1,518,100
roti keju,280.108,9.6,4.5,49.4,610,100
roti kukis,283.932,8.6,4.3,52.5,579,100
roti manis,284.888,7.9,2.7,56.7,548,100
roti mocca,283.932,8.6,4.3,52.5,579,100
roti mukka special,283.932,8.6,4.3,52.5,579,100
roti pawa rp.50,273.894,8.8,3,51.9,609,100
roti pisang,146.985,3.3,1.3,32,183,100
roti selei nenas,280.108,8.4,2.9,54.3,579,100
roti sisir,183.074,5,2,36,311,100
roti surabaya,183.074,5,2,36,311,100
roti susu,305.92,10.8,6.2,51,598,100
roti tawar,273.894,8.8,3,51.9,609,100
roti tawar manis,284.888,7.9,2.7,56.7,548,100
sagu lempeng,201.955,2.5,0.3,46.2,3,100
sarimie,141.01,4.8,0.7,28.3,1,100
senthe,150.092,2.4,0.1,35.4,4,100
singkong kuning,125.953,1.1,0.3,30.8,5,100
singkong oyek,341.053,1.1,0.3,82.1,8,100
singkong parut,130.972,1.1,0.3,31.9,2,100
singkong putih,130.972,1.1,0.3,31.9,2,100
supermie,141.01,4.8,0.7,28.3,1,100
suweg mentah,97.034,2.1,0.1,22.9,3,100
talas mentah,112.091,2.4,0.1,26.3,3,100
tempe gembus,199.087,19,7.7,17,6,100
tempe kedele busuk,199.087,19,7.7,17,6,100
tempe koro benguk,140.054,9,1.5,23.8,5,100
tempe koro pedang,126.909,8.7,0.5,22.8,2,100
tempe kedele murni,199.087,19,7.7,17,6,100
tempe lamtoro,131.928,9.1,0.5,23.6,6,100
tempeh goreng,336.99,19,23.7,17,6,100
tepung hunkwee,380.966,0.3,0.1,91.3,9,100
toge kacang kedele mentah,121.89,13.1,6.7,9.6,14,100
toge kacang hijau mentah,60.945,6.6,3.4,4.8,7,100
toge kacang tolo mentah,60.945,6.6,3.4,4.8,7,100
wijen,572.883,17.7,49.7,23.5,11,100
gucang,531.058,20.6,39.4,32.9,15,100
gude,319.065,22,1.2,57.1,15,100
jengkol,42.064,2.7,0.1,7.8,2,100
kacang hijau,115.915,7.7,0.5,20.8,4,100
kacang kapri mentah,83.889,5.4,0.2,15.6,3,100
kacang kapri muda mentah,83.889,5.4,0.2,15.6,3,100
kacang merah,335.078,23,1.3,60.2,5,100
kacang mete  kulit mentah,177.099,6,15.7,6.1,3,100
kacang mete kupas kulit,588.896,20,52.2,20.4,11,100
kacang panjang biji,34.894,1.9,0.3,7.9,3,100
kacang panjang mentah,34.894,1.9,0.3,7.9,3,100
kacang tanah kulit,413.948,18.8,35.9,11.8,13,100
kacang tanah muda kulit,413.948,18.8,35.9,11.8,13,100
kacang tanah tanpa kulit,566.908,25.8,49.2,16.1,18,100
kacang tolo (tonggak),115.915,7.7,0.5,20.8,4,100
kapri muda mentah,34.894,1.9,0.3,7.9,3,100
kecipir biji,348.94,30.7,16.8,25.4,2,100
kecipir muda mentah,34.894,1.9,0.3,7.9,3,100
kedele hitam,414.904,36.5,20,30.3,3,100
kedele kuning,414.904,36.5,20,30.3,3,100
kembang tahu mentah,380.01,40.5,24,9.5,35,100
kemiri,588.896,20,52.2,20.4,11,100
ketapang (buah),588.896,20,52.2,20.4,11,100
kluwih biji mentah,152.96,2.9,0.8,33.6,2,100
koro benguk biji,369.016,23.6,3.9,62.7,12,100
koro uceng,369.016,23.6,3.9,62.7,12,100
koro wedus,305.92,20.3,1.3,54.9,11,100
koro wedus buah muda,59.033,3.8,0.1,10.9,2,100
lamtoro biji muda,83.889,5.4,0.2,15.6,3,100
lamtoro biji tua,131.928,9.1,0.5,23.6,6,100
nangka biji,152.96,2.9,0.8,33.6,2,100
pepes tahu,76.002,8.1,4.8,1.9,7,100
petai segar,119.022,9.6,3.9,12.9,9,100
sayur tahu,179.967,5.7,13.4,11.3,5,100
sayur tempe,265.051,15.9,17,16.7,7,100
semur tahu,136.947,13.7,4.5,10.6,26,100
tahu,76.002,8.1,4.8,1.9,7,100
tahu goreng,206.018,7.3,20.3,1.7,6,100
air kelapa tua,17.925,0.1,0.3,3.6,1,100
ampas kelapa,353.959,3.3,33.5,15.2,20,100
anggur hutan,30.114,0.1,0.2,7.7,0,100
apel,59.033,0.2,0.4,15.3,0,100
arbei,52.102,0.7,0.4,12.8,0,100
asam mangga,65.008,0.5,0.3,17,2,100
asam masak di pohon,255.013,2.7,0.4,67.2,10,100
belimbing,32.026,0.6,0.4,7.2,2,100
belimbing wuluh,32.026,0.6,0.4,7.2,2,100
buah pisang susu,92.015,1,0.5,23.4,1,100
bungkil kelapa,370.928,1.7,16.8,57.6,11,100
cempedak,115.915,0.8,0.2,31.2,5,100
cerme,59.033,0.2,0.4,15.3,0,100
cimplukan,30.114,0.1,0.2,7.7,0,100
cipleng / jeblokan,30.114,0.1,0.2,7.7,0,100
duku,59.033,0.2,0.4,15.3,0,100
durian,97.99,0.8,0.8,24.8,2,100
duwet,59.033,0.2,0.4,15.3,0,100
gori / nangka muda mentah,43.976,1.4,0.2,10.2,3,100
jambu air,59.033,0.2,0.4,15.3,0,100
jambu biji,50.907,0.8,0.6,11.9,3,100
jambu bol,59.033,0.2,0.4,15.3,0,100
jambu monyet buah,50.907,0.8,0.6,11.9,3,100
jantung pisang,21.032,1.2,0.7,5,6,100
jeruk bali,28.919,1.1,0.3,9.3,2,100
jeruk garut,47.083,0.9,0.1,11.8,0,100
jeruk manis,47.083,0.9,0.1,11.8,0,100
jeruk nipis,28.919,1.1,0.3,9.3,2,100
jus alpukat,79.109,0.5,3.8,11.8,3,100
jus tomat,21.988,0.5,0.2,5.3,5,100
kasreng,59.033,0.2,0.4,15.3,0,100
kedondong masak,32.026,0.6,0.4,7.2,2,100
kedondong muda,32.026,0.6,0.4,7.2,2,100
kelapa 1/2 tua daging,177.099,1.7,16.8,7.6,10,100
kelapa ampas,34.894,0.3,3.4,1.5,2,100
kelapa muda air,17.925,0.1,0.3,3.6,1,100
kelapa muda daging,70.027,0.5,3.4,10,5,100
kelapa muda daging + air,70.027,0.5,3.4,10,5,100
kelapa parutan,177.099,1.7,16.8,7.6,10,100
kelapa tua daging,353.959,3.3,33.5,15.2,20,100
kelengkeng,79.109,1.2,0.2,20.2,3,100
kembang turi rebus belu,21.032,1.2,0.7,5,6,100
kenthos kelapa,353.959,3.3,33.5,15.2,20,100
kepel,59.033,0.2,0.4,15.3,0,100
kesemek / buah genit,65.008,0.5,0.3,17,2,100
kluwih mentah,103.009,1.1,0.2,27.1,2,100
kokosan,59.033,0.2,0.4,15.3,0,100
kolang kaling,43.976,0.2,0.3,11.5,0,100
kulit melinjo,114.959,2.3,0.4,28.6,5,100
kurma,278.913,3,0.5,73.6,11,100
langsat,59.033,0.2,0.4,15.3,0,100
mangga gedong / gadung,65.008,0.5,0.3,17,2,100
mangga golek,65.008,0.5,0.3,17,2,100
mangga harum manis,65.008,0.5,0.3,17,2,100
mangga indramayu,65.008,0.5,0.3,17,2,100
mangga keong masak,65.008,0.5,0.3,17,2,100
mangga kopek,65.008,0.5,0.3,17,2,100
mangga kopyor,65.008,0.5,0.3,17,2,100
mangga krasak,65.008,0.5,0.3,17,2,100
mangga kuweni,65.008,0.5,0.3,17,2,100
mangga masak,65.008,0.5,0.3,17,2,100
mangga muda,65.008,0.5,0.3,17,2,100
mangga nanas,65.008,0.5,0.3,17,2,100
mangga pakel,65.008,0.5,0.3,17,2,100
mangga sengir masak,65.008,0.5,0.3,17,2,100
mangga sepat,65.008,0.5,0.3,17,2,100
mangga telo,65.008,0.5,0.3,17,2,100
manggis,59.033,0.2,0.4,15.3,0,100
matuwa,59.033,0.2,0.4,15.3,0,100
melinjo (buah),47.083,0.9,0.1,11.8,0,100
menteng / kemundung,59.033,0.2,0.4,15.3,0,100
nanas,48.995,0.4,0.4,12.4,1,100
nangka masak di pohon,115.915,0.8,0.2,31.2,5,100
pepaya,38.957,0.6,0.1,9.8,3,100
pepaya muda mentah,21.988,1,0.4,4.5,8,100
pisang ambon,92.015,1,0.5,23.4,1,100
pisang ambon hong matang,92.015,1,0.5,23.4,1,100
pisang ambon mentah,92.015,1,0.5,23.4,1,100
pisang angle,92.015,1,0.5,23.4,1,100
pisang asem matang,92.015,1,0.5,23.4,1,100
pisang hijau,115.915,0.8,0.2,31.2,5,100
pisang jambe,115.915,0.8,0.2,31.2,5,100
pisang jeklek,92.015,1,0.5,23.4,1,100
pisang kapok gembrot,115.915,0.8,0.2,31.2,5,100
pisang kapok kuning,115.915,0.8,0.2,31.2,5,100
pisang kele,92.015,1,0.5,23.4,1,100
pisang kepok,115.915,0.8,0.2,31.2,5,100
pisang kepok bawen / suluh,115.915,0.8,0.2,31.2,5,100
pisang kepok bawen mentah,115.915,0.8,0.2,31.2,5,100
pisang kepok kuning mentah,115.915,0.8,0.2,31.2,5,100
pisang kepok putih mentah,115.915,0.8,0.2,31.2,5,100
pisang klutuk matang,92.015,1,0.5,23.4,1,100
pisang kreak matang,92.015,1,0.5,23.4,1,100
pisang mas,92.015,1,0.5,23.4,1,100
pisang potho,92.015,1,0.5,23.4,1,100
pisang potho mentah,92.015,1,0.5,23.4,1,100
pisang prasmen,92.015,1,0.5,23.4,1,100
pisang prasmen mentah,92.015,1,0.5,23.4,1,100
pisang pulut,92.015,1,0.5,23.4,1,100
pisang raja,92.015,1,0.5,23.4,1,100
pisang raja bandung,92.015,1,0.5,23.4,1,100
pisang raja bandung mentah,92.015,1,0.5,23.4,1,100
pisang raja kawista matang,92.015,1,0.5,23.4,1,100
pisang raja mentah / muda,92.015,1,0.5,23.4,1,100
pisang raja nangka matang,92.015,1,0.5,23.4,1,100
pisang raja nangka mentah,92.015,1,0.5,23.4,1,100
pisang raja sereh (susu),92.015,1,0.5,23.4,1,100
pisang raja uli,92.015,1,0.5,23.4,1,100
pisang rama,92.015,1,0.5,23.4,1,100
pisang rayap matang,92.015,1,0.5,23.4,1,100
pisang santen,92.015,1,0.5,23.4,1,100
pisang siam,115.915,0.8,0.2,31.2,5,100
pondoh kelapa,12.906,1,0.2,2.1,9,100
rambutan,48.995,0.4,0.4,12.4,1,100
rambutan aceh,48.995,0.4,0.4,12.4,1,100
salak,81.977,0.2,0.4,21.3,0,100
santan (kelapa dan air),106.116,1,10.1,4.6,6,100
santan (kelapa saja),353.959,3.3,33.5,15.2,20,100
sawo,82.933,0.3,0.6,21.4,0,100
sawo bludru,82.933,0.3,0.6,21.4,0,100
sawo duren,59.033,0.2,0.4,15.3,0,100
semangka,32.026,0.6,0.4,7.2,2,100
semangka muda,32.026,0.6,0.4,7.2,2,100
setup pepaya,38.957,0.6,0.1,9.8,3,100
sirsak,70.027,0.7,0.3,17.8,2,100
srikaya,79.109,1.2,0.2,20.2,3,100
sukun,103.009,1.1,0.2,27.1,2,100
talok / kersen,30.114,0.1,0.2,7.7,0,100
alpokat,161.086,2,15.3,7.4,10,100
asparagus putih segar,12.906,1,0.2,2.1,9,100
bawang merah,43.976,1.4,0.2,10.2,3,100
bawang putih,87.952,2.8,0.4,20.4,6,100
bayam merah,37.045,3.7,0.2,7.3,11,100
bayam segar,37.045,3.7,0.2,7.3,11,100
bengkuang,43.976,1.4,0.2,10.2,3,100
bening bayam belu,7.887,1,0.1,1.3,23,100
bening selada air and kangkung belu,329.103,3.9,14.8,48,57,100
bening selada air belu,21.032,1,0.4,4.3,8,100
tekokak,39.913,1.8,0.6,8.6,2,100
terong putih mentah,27.963,0.8,0.2,6.6,3,100
terong belanda / ungu,27.963,0.8,0.2,6.6,3,100
tumis bayam and sawi belu,93.927,1.2,10.1,1.2,11,100
tomat muda,21.032,0.9,0.3,4.6,9,100
tumis buah pepaya muda belu,44.932,0.4,2.1,7,2,100
tumis bayam and sawi and timun belu,61.901,1.3,6.1,1.7,10,100
tumis buah labu waluh belu,31.07,0.1,3.1,1.2,0,100
tumis bayam belu,65.964,0.7,7.1,0.9,17,100
tomat masak,21.032,0.9,0.3,4.6,9,100
tumis pucuk labu waluh belu,44.932,0.1,5,0.5,3,100
tumis daun singkong belu,47.083,3,2.2,5.8,9,100
tumis kangkung belu,92.015,2.2,9.2,2,15,100
tumis selada air belu,195.024,0.4,22.1,0.8,4,100
tumis kacang panjang belu,21.032,0.7,1.1,2.8,1,100
tumis selada air kangkung,53.058,0.9,5.1,1.5,7,100
tumis sawi,27.963,1.7,2.1,1.6,12,100
tumis terong belu,23.9,0.7,0.2,5.7,3,100
blusdru,20.076,0.9,0.3,4.3,1,100
uceng,83.889,5.4,0.2,15.6,3,100
waluh kuning mentah,20.076,0.5,0.3,4.4,1,100
waluh beligo,20.076,0.9,0.3,4.3,1,100
buncis mentah,34.894,1.9,0.3,7.9,3,100
bunga bawang merah,21.032,1.2,0.7,5,6,100
bunga krandan,21.032,1.2,0.7,5,6,100
cabe merah,27.007,1,0.3,5.8,15,100
cabe rawit,318.109,12,17.3,56.6,30,100
cesim,15.057,2.3,0.2,2.1,16,100
curing / kenikir,20.076,1.1,0.2,4.4,29,100
daun bawang,21.032,1.2,0.7,5,6,100
daun bawang merah,21.032,1.2,0.7,5,6,100
daun beluntas mentah,20.076,1.1,0.2,4.4,29,100
daun gambas mentah,37.045,3.7,0.2,7.3,11,100
daun jambu mete muda,37.045,3.7,0.2,7.3,11,100
daun kacang panjang,37.045,3.7,0.2,7.3,11,100
daun katuk mentah,59.989,5.3,0.9,11.2,9,100
daun kecipir mentah,15.057,2.3,0.2,2.1,16,100
daun kelor mentah,59.989,5.3,0.9,11.2,9,100
daun kemangi mentah,21.032,1.2,0.7,5,6,100
daun koro,15.057,2.3,0.2,2.1,16,100
daun labu siam mentah,15.057,2.3,0.2,2.1,16,100
daun labu waluh mentah,15.057,2.3,0.2,2.1,16,100
daun lompong,37.045,3.7,0.2,7.3,11,100
daun mangkokan mentah,15.057,2.3,0.2,2.1,16,100
daun melinjo mentah,37.045,3.7,0.2,7.3,11,100
daun pepaya,59.989,5.3,0.9,11.2,9,100
daun singgrang,20.076,1.1,0.2,4.4,29,100
daun singkong mentah,37.045,3.7,0.2,7.3,11,100
daun tales,37.045,3.7,0.2,7.3,11,100
daun tlepok,15.057,2.3,0.2,2.1,16,100
daun ubi jalar,15.057,2.3,0.2,2.1,16,100
gambas / oyong mentah,20.076,0.9,0.3,4.3,1,100
genjer / bengok,21.032,1.2,0.7,5,6,100
gundho,15.057,2.3,0.2,2.1,16,100
jamur coklat mentah,27.007,2.2,0.5,5.1,2,100
jamur kuping segar,27.007,2.2,0.5,5.1,2,100
jamur putih mentah,27.007,2.2,0.5,5.1,2,100
jamur so,27.007,2.2,0.5,5.1,2,100
jantung pisang segar,21.032,1.2,0.7,5,6,100
kangkung,15.057,2.3,0.2,2.1,16,100
kangkung mentah,15.057,2.3,0.2,2.1,16,100
kembang kool mentah,25.095,1.4,0.3,5.4,18,100
kembang turi mentah,21.032,1.2,0.7,5,6,100
ketimun mentah,12.906,0.7,0.1,2.8,2,100
kool merah / putih mentah,21.988,1,0.4,4.5,8,100
krai / mentimun,12.906,0.7,0.1,2.8,2,100
kuah daging ayam belu,74.09,7,4.9,0,19,100
kuah oseng bayam belu,21.032,0.5,2,0.5,4,100
kuah sayur kangkung belu,5.019,0.8,0.1,0.7,5,100
kuah sayur sawi belu,6.931,0.8,0.1,1.1,6,100
labu air mentah,20.076,0.9,0.3,4.3,1,100
labu kuning,38.957,0.9,0.6,8.8,1,100
labu siam mentah,20.076,0.9,0.3,4.3,1,100
lobak mentah,12.906,0.7,0.1,2.8,2,100
lompong pari mentah,15.057,2.3,0.2,2.1,16,100
loncang,21.032,1.2,0.7,5,6,100
pare pahit mentah,20.076,0.9,0.3,4.3,1,100
pare ulo mentah,20.076,0.9,0.3,4.3,1,100
pepes jamur,27.007,2.2,0.5,5.1,2,100
rebung mentah,12.906,1,0.2,2.1,9,100
rebus daun lettuce belu,293.014,6.7,2.9,62.1,30,100
rebus daun singkong belu,7.887,0.8,0,1.6,2,100
sambal tomat belu,61.901,1,4.9,4.9,8,100
sambal tomato and daging kuda belu,55.926,8,1.7,2.3,20,100
santan daun ubu /campur daun pepaya bel,28.919,1.6,1.4,3.5,5,100
sate kentang,92.971,2,0.1,21.6,5,100
sawi hijau,15.057,2.3,0.2,2.1,16,100
sawi putih mentah,15.057,2.3,0.2,2.1,16,100
sayur asem,48.995,1.8,2.7,5.7,5,100
sayur bayam,11.95,1.5,0.2,1.9,35,100
sayur bayam jagung,37.045,1.6,0.5,8.3,19,100
sayur bayam wortel,18.881,1,0.1,4.1,35,100
sayur bening campur,32.982,1.2,0.3,7.5,24,100
sayur buah kelor,25.095,0.3,0.2,6.3,2,100
sayur caisin,10.994,0.5,0.2,2.3,4,100
sayur cokka-cokka,10.994,0.5,0.2,2.3,4,100
sayur daun kelor,7.887,1.2,0.1,1.1,8,100
sayur daun singkong,61.901,1.9,5.1,3.7,6,100
sayur gambas,30.114,0.1,0.2,7.7,0,100
sayur gulai daging,293.97,17.6,23.3,3.4,39,100
sayur jantung pisang belu,10.994,0.6,0.4,2.5,3,100
sayur kangkung,10.994,1.6,0.1,1.5,11,100
sayur katuk,11.95,1.7,0.2,1.7,12,100
sayur labu,14.101,0.5,0.5,2.3,1,100
sayur lodeh,55.926,1.9,3.4,6,5,100
sayur nangka belu,65.964,1.3,3.5,8.7,4,100
sayur sop,103.965,1.8,7,10.5,28,100
sayur sop daging cincang wortel,65.964,6.5,1.7,5.8,22,100
sayur sop macaroni,126.909,6.5,7,10.5,16,100
sayur soun,97.034,4,6.4,7.2,3,100
selada air mentah,37.045,3.7,0.2,7.3,11,100
selada mentah,12.906,1,0.2,2.1,9,100
seledri,12.906,1,0.2,2.1,9,100
semur kentang,118.066,8.9,2.3,15.4,26,100
sup a,299.945,10,0.5,0.5,0,100
sup b,349.896,5,0.4,0.4,0,100
telur ceplok,190.961,12,15.1,1,118,100
telur dadar,186.898,11.5,14.7,1.2,114,100
telur goreng,190.961,12,15.1,1,118,100
telur asin,155.111,12.6,10.6,1.1,124,100
telur ayam,155.111,12.6,10.6,1.1,124,100
telur ayam bagian kuning,277.957,19.2,20.7,2.3,219,100
telur burung sawah,184.986,12.8,13.8,1.5,146,100
telur ayam bagian putih,49.951,10.5,0,1,164,100
telur itik dadar,271.026,12.8,23.8,1.5,146,100
telur itik bagian putih,49.951,10.5,0,1,164,100
telur ikan,162.998,19.8,8.4,0.8,108,100
telur itik / bebek mentah,184.986,12.8,13.8,1.5,146,100
telur itik bagian kuning,563.084,25.7,49.5,3,352,100
telur puyuh,184.986,12.8,13.8,1.5,146,100
telur penyu,155.111,12.6,10.6,1.1,124,100
telur merpati,184.986,12.8,13.8,1.5,146,100
telur menthok,184.986,12.8,13.8,1.5,146,100
telur orak arik,169.929,10.4,13.3,2.4,92,100
tepung susu,463.899,21.6,19,51.6,320,100
tepung susu neslac 2,463.899,21.6,19,51.6,320,100
tepung susu sgm 2,463.899,21.6,19,51.6,320,100
tepung susu skim,368.06,35.7,2.1,51.5,546,100
tepung susu lactona 2,463.899,21.6,19,51.6,320,100
tepung susu asam,504.051,25.6,28.6,37.6,399,100
minuman susu ultra / ultra milk,65.964,3.2,3.9,4.8,55,100
sayur telur,151.048,11.1,10.5,2.7,107,100
susu kambing,69.071,3.6,4.1,4.5,50,100
susu kental manis,320.021,7.8,8.7,54.5,122,100
susu sapi,65.964,3.2,3.9,4.8,55,100
susu segar,65.964,3.2,3.9,4.8,55,100
susu skim / tak berlemak cair,34.894,3.4,0.2,4.9,52,100
abon,315.002,55.1,8.9,0,118,100
ampal,273.894,18.2,21.5,2,55,100
ati ayam,157.023,24.4,5.5,0.9,51,100
ayam,284.888,26.9,18.9,0,73,100
babat,82.933,14.5,2.4,0,31,100
bakso bihun,369.972,23.5,29.9,0.1,55,100
bakso pentol,369.972,23.5,29.9,0.1,55,100
usus menthok,93.927,14.1,3.8,0,30,100
uthi-uthi mentah,273.894,18.2,21.5,2,55,100
usus ayam,93.927,14.1,3.8,0,30,100
usus itik,93.927,14.1,3.8,0,30,100
buras,284.888,26.9,18.9,0,73,100
buras daging kentang,494.969,1,50,10.8,3,100
corned beef,268.875,24.9,18,0,1215,100
daging ayam,284.888,26.9,18.9,0,73,100
daging ayam bagian kaki,201.955,11.4,17,0,35,100
daging ayam bagian kepala,147.941,14,9.8,0,38,100
daging ayam bagian paha,213.905,20.2,14.2,0,55,100
daging ayam bagian sayap,147.941,14,9.8,0,38,100
daging biawak mentah,130.972,26.8,1.8,0,56,100
daging blekok / kuntul,336.99,19,28.4,0,59,100
daging burung bagian kepala,147.941,14,9.8,0,38,100
daging burung mentah,336.99,19,28.4,0,59,100
daging domba,268.875,24.9,18,0,53,100
daging itik bagian kepala,174.948,9.9,14.8,0,31,100
daging itik bagian paha,253.101,14.3,21.3,0,44,100
daging itik bagian sayap,174.948,9.9,14.8,0,31,100
daging itik/bebek,336.99,19,28.4,0,59,100
daging kambing,268.875,24.9,18,0,53,100
daging kelelawar,268.875,24.9,18,0,53,100
daging kerbau,130.972,26.8,1.8,0,56,100
daging menthok,336.99,19,28.4,0,59,100
daging menthok bagian kaki,336.99,19,28.4,0,59,100
daging menthok bagian kepala,174.948,9.9,14.8,0,31,100
daging menthok bagian sayap,174.948,9.9,14.8,0,31,100
daging merpati,207.93,28.1,9.7,0,68,100
daging puyuh,207.93,28.1,9.7,0,68,100
daging sapi,268.875,24.9,18,0,53,100
daging tupai,166.105,29,4.7,0,62,100
dendeng sapi,1076.934,103.3,70.7,0,220,100
dideh ayam,145.073,25.1,4.2,0,57,100
dideh itik,115.915,20.1,3.4,0,46,100
dideh kambing,115.915,20.1,3.4,0,46,100
dideh kerbau,115.915,20.1,3.4,0,46,100
dideh sapi,145.073,25.1,4.2,0,57,100
hati ayam,157.023,24.4,5.5,0.9,51,100
hati biawak,161.086,24.4,4.9,3.4,70,100
hati burung,157.023,24.4,5.5,0.9,51,100
hati itik,157.023,24.4,5.5,0.9,51,100
hati itik bacem,157.023,24.4,5.5,0.9,51,100
hati kerbau,161.086,24.4,4.9,3.4,70,100
hati menthok,157.023,24.4,5.5,0.9,51,100
hati merpati,157.023,24.4,5.5,0.9,51,100
hati sapi,161.086,24.4,4.9,3.4,70,100
iso sapi mentah usus,93.927,14.1,3.8,0,30,100
jangkrik,273.894,18.2,21.5,2,55,100
jantung ayam mentah,166.105,29,4.7,0,62,100
jantung itik,166.105,29,4.7,0,62,100
jantung menthok,166.105,29,4.7,0,62,100
jantung merpati,166.105,29,4.7,0,62,100
jerohan ayam,93.927,14.1,3.8,0,30,100
jerohan menthok,93.927,14.1,3.8,0,30,100
kaldu ayam,7.887,0.5,0.3,0.8,560,100
kikil kambing mentah,70.027,6.5,4.7,0,14,100
kodok hijau,97.99,20.1,1.4,0,42,100
kuah daging kambing belu,15.057,1,1.2,0,2,100
kulit daging itik,336.99,19,28.4,0,59,100
laron,273.894,18.2,21.5,2,55,100
limfa ayam,145.073,25.1,4.2,0,57,100
limfa sapi,145.073,25.1,4.2,0,57,100
otak,159.891,11.1,12.5,0,120,100
otak ayam,159.891,11.1,12.5,0,120,100
rambak mentah,380.966,24.1,30.9,0,51,100
rempelo ayam,166.105,29,4.7,0,62,100
rempelo burung,166.105,29,4.7,0,62,100
rempelo itik,166.105,29,4.7,0,62,100
rempelo menthok,166.105,29,4.7,0,62,100
rempelo merpati,166.105,29,4.7,0,62,100
sate ayam,314.046,25.6,23,0,69,100
sate cekek,405.105,22.9,34.4,0,48,100
sayur sop ayam,71.939,5.9,3.8,3.4,23,100
semur daging,221.075,11.1,16.2,15.5,13,100
semur daging ayam belu,458.88,10.8,47.6,0,29,100
tawon muda (kangsen),284.888,15,21,8,13,100
baso somay,207.93,3.7,0.4,45.7,6,100
bedhek,58.077,8.1,1.5,2.5,125,100
belut segar mentah,112.091,21.4,2.3,0,55,100
telur ikan lele,162.998,19.8,8.4,0.8,108,100
telur ikan kating,162.998,19.8,8.4,0.8,108,100
telur ikan gabus,162.998,19.8,8.4,0.8,108,100
telur ikan luthok mentah,162.998,19.8,8.4,0.8,108,100
telur ikan bethik mentah,162.998,19.8,8.4,0.8,108,100
tepung ikan teri,374.991,65.6,10.5,0,349,100
terasi merah,104.921,18.5,2.9,0,824,100
tumis ikan teri,101.097,14.8,4.3,0,40,100
undur-undur,53.058,11.4,0.5,0,39,100
udang segar,79.109,16.7,0.9,0,179,100
udang kering,305.92,66.4,2.5,0,227,100
cakalang,104.921,18.5,2.9,0,50,100
cumi-cumi segar,146.985,25,2.2,5,70,100
hati ikan bojor,157.023,24.4,5.5,0.9,51,100
ikan asin belanak,244.975,53.1,2,0,2893,100
ikan asin bilis,244.975,53.1,2,0,2893,100
ikan asin gabus,244.975,53.1,2,0,2893,100
ikan asin goreng,162.042,13,12,0,35,100
ikan asin japuh,158.935,16.3,10.4,0,2072,100
ikan asin juwi,244.975,53.1,2,0,2893,100
ikan asin kacangan,83.889,18.2,0.7,0,1998,100
ikan asin kembung,112.091,21.4,2.3,0,1991,100
ikan asin kering,305.92,66.4,2.5,0,2938,100
ikan asin layur,83.889,18.2,0.7,0,1998,100
ikan asin pari,83.889,18.2,0.7,0,62,100
ikan asin pepetek,83.889,14.8,2.3,0,1976,100
ikan asin selar,162.042,22.9,7.2,0,2774,100
ikan asin serinding,83.889,18.2,0.7,0,1998,100
ikan asin terbang,83.889,18.2,0.7,0,1998,100
ikan asin teri,335.078,58.6,9.4,0,1861,100
ikan asin terongan,244.975,53.1,2,0,2893,100
ikan asin wader / memreng,244.975,53.1,2,0,2893,100
ikan awu-awu bakar,74.09,13,2,0,35,100
ikan baleng segar,112.091,21.4,2.3,0,55,100
ikan bambangan,104.921,22.8,0.9,0,78,100
ikan bandeng,83.889,14.8,2.3,0,40,100
ikan banyara goreng,162.042,13,12,0,35,100
ikan banyara sedang mentah,53.058,9.3,1.5,0,25,100
ikan bawal,83.889,18.2,0.7,0,62,100
ikan belanak,83.889,14.8,2.3,0,40,100
ikan bethik,83.889,18.2,0.7,0,62,100
ikan bojor segar,83.889,18.2,0.7,0,62,100
ikan boso mentah,112.091,21.4,2.3,0,55,100
ikan cepa-cepa goreng,162.042,13,12,0,35,100
ikan cue,74.09,13,2,0,35,100
ikan cumi basah goreng,271.982,26,12.3,12.6,71,100
ikan dares mentah,112.091,21.4,2.3,0,55,100
ikan gabus kering,244.975,53.1,2,0,182,100
ikan gabus segar,83.889,18.2,0.7,0,62,100
ikan goreng,159.891,13,12,0,35,100
ikan hiu,140.054,26.7,2.9,0,69,100
ikan jempol,140.054,26.7,2.9,0,69,100
ikan juwi,53.058,11.4,0.5,0,39,100
ikan kacangan,83.889,18.2,0.7,0,62,100
ikan kacap,253.101,13.5,22,0.3,314,100
ikan kakap,83.889,18.2,0.7,0,62,100
ikan kating,158.935,16.3,10.4,0,136,100
ikan kembung,112.091,21.4,2.3,0,55,100
ikan kembung goreng,201.955,16,15,0,44,100
ikan kiper mentah,83.889,14.8,2.3,0,40,100
ikan kuah rebus belu,53.058,9.3,1.5,0,25,100
ikan lawes,83.889,14.8,2.3,0,40,100
ikan layang,81.977,17.8,0.7,0,61,100
ikan lele,83.889,14.8,2.3,0,40,100
ikan lele dumbo,158.935,16.3,10.4,0,136,100
ikan lemuru,112.091,21.4,2.3,0,55,100
ikan lukas mentah,140.054,26.7,2.9,0,69,100
ikan luthok,158.935,16.3,10.4,0,136,100
ikan mas bumbu kuning,217.968,16.7,15.7,2.9,47,100
ikan mas goreng,201.955,16,15,0,44,100
ikan mas pepes,81.021,11.5,3.6,0,32,100
ikan mas segar,130.016,18.3,5.8,0,50,100
ikan merah kecil,423.03,58.6,19.4,0,312,100
ikan moto botor,112.091,21.4,2.3,0,55,100
ikan mujair dendeng mentah,335.078,58.6,9.4,0,312,100
ikan mujair segar,83.889,18.2,0.7,0,62,100
ikan muntreng segar,112.091,21.4,2.3,0,55,100
ikan pe,53.058,9.3,1.5,0,25,100
ikan peda asin banjar,112.091,21.4,2.3,0,1991,100
ikan peda banjar,112.091,21.4,2.3,0,1991,100
ikan pepetek,83.889,14.8,2.3,0,40,100
ikan pindang banjar,112.091,21.4,2.3,0,1991,100
ikan pindang benggol,104.921,22.8,0.9,0,2789,100
ikan pindang juwi,112.091,21.4,2.3,0,1991,100
ikan pindang kembung,140.054,26.7,2.9,0,1618,100
ikan pindang layang,104.921,22.8,0.9,0,2789,100
ikan pindang layang goreng,277.001,22.8,20.9,0,2789,100
ikan pindang selar kecil,140.054,26.7,2.9,0,69,100
ikan rebon kering,305.92,66.4,2.5,0,227,100
ikan rebon segar,79.109,16.7,0.9,0,179,100
ikan salem segar,83.889,18.2,0.7,0,62,100
ikan sasi segar,70.027,13.4,1.5,0,35,100
ikan segar,97.99,18.1,2.4,0,48,100
ikan selar kering,162.042,22.9,7.2,0,63,100
ikan selar segar,112.091,21.4,2.3,0,55,100
ikan sepat kering,249.994,29.5,13.8,0,780,100
ikan sepat segar,130.016,18.3,5.8,0,50,100
ikan sidat,189.049,19,12,0,52,100
ikan surung,83.889,18.2,0.7,0,62,100
ikan tawes/ bader,158.935,16.3,10.4,0,136,100
ikan tempel mentah,83.889,14.8,2.3,0,40,100
ikan tengiri,112.091,21.4,2.3,0,55,100
ikan teri asin kering,335.078,58.6,9.4,0,3023,100
ikan teri bubuk,374.991,65.6,10.5,0,349,100
ikan teri goreng belu,420.879,58.6,19.4,0,312,100
ikan teri nasi kering,335.078,58.6,9.4,0,312,100
ikan teri segar,112.091,21.4,2.3,0,55,100
ikan teri tawar kering,335.078,58.6,9.4,0,312,100
ikan terongan,112.091,21.4,2.3,0,55,100
ikan tongkol,110.896,24,1,0,38,100
ikan tongkol pindang,110.896,24,1,0,1974,100
ikan wader,83.889,14.8,2.3,0,40,100
ikan wedok,158.935,16.3,10.4,0,136,100
ikan wedok kering,267.919,46.9,7.5,0,250,100
kepiting air tawar / yuyu,90.103,16.9,2,0,166,100
kepiting laut,86.996,16.5,1.3,1.2,177,100
kerang,103.009,14.3,2.7,4.4,221,100
samba goreng sarden belu,48.995,2.8,3.7,1.7,24,100
sardines,341.053,24.6,26.5,0,650,100
sayur tude,132.884,18.8,5.8,0.4,54,100
gajih ayam,900.074,0,99.8,0,0,100
gajih sapi,901.986,0,100,0,0,100
kethak,862.073,0,100,0,0,100
lemak kerbau,857.054,0,95,0,0,100
margarin,635.979,0,72,0,0,100
mentega,710.069,0.2,80.6,0,221,100
minyak gajih,857.054,0,95,0,0,100
minyak ikan,900.074,0,99.8,0,0,100
minyak kacang tanah,884.061,0,100,0,0,100
minyak kelapa,862.073,0,100,0,0,100
minyak kelapa sawit,862.073,0,100,0,0,100
minyak sayur (indomie dll),862.073,0,100,0,0,100
minyak wijen,884.061,0,100,0,0,100
santan,70.983,0.7,6.7,3,4,100
agar agar 1 with coconut milk,153.916,2.5,6,25.5,240,100
agar agar 2 without coconut milk,97.034,1.9,0.6,23.1,236,100
agar inaco with coconut milk,292.058,2.5,22,25.5,240,100
dhelco coklat stick,21.988,0.3,0.9,3.4,0,100
es mambo/es lilin,70.027,0,0,18,0,100
gula aren,369.016,0.6,0,94.2,38,100
gula batu,386.941,0,0,99.9,1,100
gula kelapa,348.94,2.3,0.1,84.7,34,100
gula merah tebu belum dimurnikan,375.947,0,0,97.3,39,100
gula pasir,386.941,0,0,99.9,1,100
gula supra,386.941,0,0,99.9,1,100
kethak + gula,222.031,1,10.1,34.6,6,100
madu,304.008,0.3,0,82.4,4,100
meises,477.044,4.2,29.7,63.4,11,100
miki jelly,153.916,2.5,6,25.5,240,100
mutiara,348.94,2.3,0.1,84.7,34,100
permen,386.941,0,0,99.9,1,100
setrup / sirup,213.905,0,0,55.5,22,100
tebu,26.051,0,0,6.8,3,100
adonan kopi + gula pasir,357.066,1.6,0,90.3,49,100
air gula - belu,7.887,0,0,2,0,100
teh manis belu,12.906,0,0,3.4,3,100
daun cincau,32.982,2.5,0.5,5.3,23,100
gula kopi,357.066,1.6,0,90.3,49,100
jamu,0.956,0.1,0,0.1,0,100
jus alpukat susu,94.883,1.3,4.8,13,16,100
jus anggur,53.058,0.1,0.1,13.8,0,100
jus jeruk pepaya,50.907,0.2,0,13,1,100
jus jeruk peras,82.933,0.2,0.1,21.8,1,100
jus mannga,54.97,0.1,0.1,14.2,1,100
jus melon,47.083,0.2,0.1,12.1,2,100
jus papaya,48.039,0.2,0,12.4,1,100
kopi (powder),129.06,6.5,0,25.8,194,100
kopi bagian yang larut,200.043,10,0,40,300,100
larutan gula and salt,18.881,0,0,5,0,100
larutan oralit,18.881,0,0,5,0,100
legen aren,37.045,0.1,0,9.4,4,100
legen kelapa,34.894,0.2,0,8.5,3,100
lemonade,42.064,0.1,0,10.9,0,100
minuman anggur,70.027,0.2,0,1.4,8,100
minuman buah vita,58.077,0,0,15,0,100
minuman go go strawbery,58.077,0,0,15,0,100
sprite fanta coca cola dll,41.108,0,0,10.4,4,100
susu milo/ milo choklat,386.941,10.8,9.5,65.8,160,100
susu sgm (belu),18.881,0.9,0.8,2.1,13,100
teh,49.951,0,0,10,150,100
teh cap bunga mawar,49.951,0,0,10,150,100
teh kotak,49.951,0,0,10,150,100
teh manis,12.906,0,0,3.2,3,100
aci tusuk,363.041,5.3,20.5,39.2,1,100
agar-agar,0,0,0,0,0,100
arafik,526.995,3,30.3,59.7,4,100
bakpau daging,249.038,9.8,6.7,36.3,434,100
bakso daging sapi,369.972,23.5,29.9,0.1,55,100
baso,369.972,23.5,29.9,0.1,55,100
baso goreng,411.08,22.2,35.2,0,51,100
baso kojak,194.068,5.9,1.4,38.4,3,100
batagor,152.004,12.1,11.3,1.4,18,100
bawang goreng,363.041,5.3,20.5,39.2,1,100
bika ambon,255.969,7.8,8,38.9,78,100
biscuit,506.919,10.4,17.5,78,101,100
biscuit astor,446.93,7.5,14,73.7,51,100
biscuit barry sandwich,446.93,7.5,14,73.6,51,100
biscuit big royal,430.917,7.5,10,78.6,51,100
biscuit bola bola,446.93,7.5,14,73.6,51,100
biscuit coklat burbon,446.93,7.5,14,73.6,51,100
biscuit coklat togo,305.92,6.2,2.6,63.8,1,100
biscuit crackers konghuan,446.93,7.5,14,73.6,51,100
biscuit cripsy crackers,446.93,7.5,14,73.6,51,100
biscuit famela,446.93,7.5,14,73.6,51,100
biscuit farley,430.917,7.5,10,78.6,51,100
biscuit gabin special selecta (mentega.,446.93,7.5,14,73.6,51,100
biscuit gem bunga (terigu. gula. tapiok,446.93,7.5,14,73.6,51,100
biscuit gloria,446.93,7.5,14,73.6,51,100
biscuit helti,446.93,7.5,14,73.6,51,100
biscuit interbis,446.93,7.5,14,73.6,51,100
biscuit isi kagang,494.013,14,24.3,57.7,55,100
biscuit kacang,494.013,14,24.3,57.7,55,100
biscuit kering/ bolu kering,206.974,4.4,2,42.9,22,100
biscuit london,446.93,7.5,14,73.6,51,100
biscuit malkist crackers (tepung terigu,446.93,7.5,14,73.6,51,100
biscuit marie cba (tepung terigu. gula.,446.93,7.5,14,73.6,51,100
biscuit marie susu,430.917,7.5,10,78.6,51,100
biscuit mari-mari (tepung jagung. tepun,356.11,3.2,3.4,80.7,15,100
biscuit mentega rp. 100,499.988,7.5,23,66.6,51,100
biscuit milna,430.917,7.5,10,78.6,51,100
biscuit monde,446.93,7.5,14,73.6,51,100
biscuit panda-pandaan/bolu pangang,256.925,9.6,10.5,30.1,23,100
biscuit permen,907.961,7.5,64,78.6,51,100
biscuit piramid,446.93,7.5,14,73.6,51,100
biscuit queen sandwich (terigu. gula. m,446.93,7.5,14,73.6,51,100
biscuit regal,430.917,7.5,10,78.6,51,100
biscuit regal marie,430.917,7.5,10,78.6,51,100
biscuit roma,430.917,7.5,10,78.6,51,100
biscuit sitaba,446.93,7.5,14,73.6,51,100
biscuit stick,430.917,7.5,10,78.6,51,100
tempe goreng,353.959,17.1,26.9,15.3,5,100
tempe bacem,237.088,10.8,15,17.6,5,100
tempe oreg/sayur tempe/sambal tempe,99.902,9.6,3.9,8.6,4,100
biscuit sun,446.93,7.5,14,73.6,51,100
biscuit susana,446.93,7.5,14,73.6,51,100
biscuit tini wini biti,558.065,5.9,38.4,51,656,100
ubi goreng,184.986,1.2,2.6,40.8,3,100
brondong,537.033,6.5,30.9,61.5,28,100
uli goreng,401.042,1.8,26.1,40.9,8,100
uli kukus,188.093,2.2,4.2,35.5,3,100
wafer coklat kero-kero rp.50 (terigu. g,305.92,6.2,2.6,63.8,1,100
wafer,305.92,6.2,2.6,63.8,1,100
vetsin,343.921,86,0,0,13464,100
wafer coklat pyramid,305.92,6.2,2.6,63.8,1,100
buah pala,260.988,3.9,3.2,79.8,26,100
vanilli,70.027,0.2,0,1.4,8,100
wafer interbis,305.92,6.2,2.6,63.8,1,100
wajik,188.093,2.2,4.2,35.5,3,100
wingka/wingko,188.093,2.2,4.2,35.5,3,100
bumbu sari mie indomie dll,325.04,12.7,13.8,58.2,52,100
cake,206.974,4.4,2,42.9,22,100
cake wanderpan,206.974,4.4,2,42.9,22,100
camel roll stick,21.988,0.3,0.9,3.4,0,100
candy mentos mint,386.941,0,0,99.9,1,100
cendil/ondal-andil/cendol,76.002,0.1,0,18.3,2,100
cheetos,500.944,6,25.7,62.1,3,100
chiki,510.026,5.9,25.5,62.9,0,100
chiki balls/ boom snack/ guntar snack,510.026,5.9,25.5,62.9,0,100
choki choki,21.988,0.3,0.9,3.4,0,100
choklat,477.044,4.2,29.7,63.4,11,100
choklat eclair,293.97,8.3,5.7,53.1,549,100
choklat jelly,21.988,0.3,0.9,3.4,0,100
cilok,255.969,7.8,8,38.9,78,100
cincau,0.956,0,0,0.2,3,100
cingloy,217.012,7.8,8,28.9,78,100
cireng,363.041,5.3,20.5,39.2,1,100
cireng/bakwan,539.901,5.3,40.5,39.2,1,100
coconut milk with kluwih muda belu,86.996,0.9,3.5,15.1,3,100
coklat,477.044,4.2,29.7,63.4,11,100
coklat beng beng,499.988,7.5,23,66.6,51,100
coklat cha-cha,499.988,7.5,23,66.6,51,100
corn bose and kacang tanah,157.979,6.7,12,8.5,6,100
cucur,401.042,1.8,26.1,40.9,8,100
daging ayam goreng,331.971,26.2,23.1,3.7,70,100
daging babi goreng,302.096,26.2,21.3,0,59,100
daging sapi rebus,449.081,23.8,29.8,22.2,49,100
daging telur,267.919,18.4,20.8,0.6,88,100
dodol garut,188.093,2.2,4.2,35.5,3,100
dodol mannga,180.923,2.1,4.2,34.1,3,100
dodongkal,188.093,2.2,4.2,35.5,3,100
donat,400.086,5.2,21.8,46.3,20,100
emping melinjo mentah,331.971,15.4,2,64.5,5,100
empon,325.04,12.7,13.8,58.2,52,100
es cuwing,55.926,2.9,0.2,12.5,24,100
es dawet/cendol,30.114,0.1,0.7,6.1,1,100
es krim solo,195.98,3.2,9.9,24.8,72,100
es krim walls,195.98,3.2,9.9,24.8,72,100
es miami,38.957,0,0,10,0,100
es nong nong,48.039,0.6,1.2,9.1,3,100
fruittella,347.984,0,0,89.9,1,100
fuji mie/mi instan/tiga putra,141.01,4.8,0.7,28.3,1,100
fujimie (terigu. tapioka. garam. gula.,500.944,6,25.7,62.1,3,100
garam,0,0,0,0,38724,100
garam kasar,0,0,0,0,38724,100
geblek pati,483.019,2.2,25.6,63.8,4,100
geblog ubi,224.899,1.3,6.9,41.6,13,100
gembong/jalabia,401.042,1.8,26.1,40.9,8,100
getuk,184.986,1.2,2.6,40.9,3,100
getuk tiwul,814.034,21.3,59.1,62,24,100
gulai daging kambing belu,228.962,20.1,15.7,0.6,43,100
gulasakarin,0,0,0,0,0,100
hallo boy (terigu. tapioka. udang wijen,500.944,6,25.7,62.1,3,100
halus manis,386.941,0,0,99.9,1,100
hati ayam rebus belu,157.023,24.4,5.5,0.9,51,100
hunkwe,50.907,1,1.6,9.4,117,100
jagung rebus campur kagang hijau belu,16.013,0.6,0.2,3.6,2,100
jahe,65.964,2.1,0.3,15.3,5,100
jalabia,188.093,2.2,4.2,35.5,3,100
jamu beras kencur,44.932,0.1,0,11.4,0,100
jamu lempuyang,44.932,0.1,0,11.4,0,100
jangung bose campur kacang hijau belu,16.013,0.6,0.2,3.7,2,100
jelly,158.935,1.7,0.6,39.6,233,100
jeruk,137.903,11.2,2.2,25.9,226,100
kacang atom,547.071,23.9,44.3,22.6,16,100
kacang dadap,598.934,23.2,54.3,14.5,16,100
kacang garing rege,548.983,23.2,44.3,24.5,16,100
kacang shanghai,598.934,23.2,54.3,14.5,16,100
kacang sukro,585.072,22.1,51.8,17,16,100
kacang telur,588.896,21.9,51.8,18.3,16,100
karoket,227.05,3.6,18.2,13,8,100
kayu manis,260.988,3.9,3.2,79.8,26,100
kecap,59.989,10.5,0.1,5.6,5586,100
kecap asin,38.957,0,0,10,0,100
keluwek,325.04,12.7,13.8,58.2,52,100
kenji,500.944,6,25.7,62.1,3,100
keong mas,206.974,4.4,2,42.9,22,100
kerupuk aci,380.966,0.3,0.1,91.3,9,100
kerupuk gaplek,363.997,2.6,0.7,88.5,6,100
kerupuk ikan berpati,336.034,15.2,0.7,63.9,57,100
kerupuk ketan putih,380.966,0.3,0.1,91.3,9,100
kerupuk legender,300.901,2.5,0.7,73.4,5,100
kerupuk singkong,287.995,2.4,0.7,70.2,4,100
kerupuk singkong pedas,287.995,2.4,0.7,70.2,4,100
kerupuk terigu mentah,363.997,10.3,1,76.3,2,100
kerupuk udang,548.983,6.5,28.4,66.6,74,100
kerupuk udang berpati,358.978,17.3,1,66.6,191,100
kerupuk upik singkong mentah,314.046,2.6,0.7,76.6,5,100
ketumbar halus,619.01,25.9,41.2,62.9,72,100
ketumbar kasar,325.04,12.7,13.8,58.2,52,100
ketupat,20.076,0.4,0,4.3,0,100
koci,205.062,3.4,4.2,38.7,3,100
kolang-kaling,194.068,0,0,50,1,100
kopi made up (belu),1.912,0.1,0,0.4,3,100
kopi susu (jagung. tepung beras. tapio,356.11,3.2,3.4,80.7,15,100
kopi-kopi (jagung. tepung beras. tapiok,356.11,3.2,3.4,80.7,15,100
koya,188.093,2.2,4.2,35.5,3,100
krawu ubi,184.986,1.2,2.6,40.8,3,100
krecek singkong mentah,261.944,2.2,0.6,63.8,4,100
krupuk aladin,526.995,3,30.3,59.7,4,100
krupuk asin,435.936,7.2,13.7,70.4,2,100
krupuk bala bala,526.995,3,30.3,59.7,4,100
krupuk fuji (chips-chips),820.009,8.9,38.7,110.7,660,100
krupuk jantan (tapioka. udang.wijen. b,501.9,2.2,25.6,68.8,4,100
krupuk jazzy rp. 100 (ubi. bawang puti,507.875,5.3,30.3,57.3,8,100
krupuk makanan ringan sinbad,356.11,3.2,3.4,80.7,15,100
krupuk mlarat,526.995,3,30.3,59.7,4,100
krupuk monas,526.995,3,30.3,59.7,4,100
krupuk pasir,526.995,3,30.3,59.7,4,100
krupuk raja udang bandeng,526.995,3,30.3,59.7,4,100
krupuk rambakl,526.995,3,30.3,59.7,4,100
krupuk sambal udang,526.995,3,30.3,59.7,4,100
krupuk tempe,248.082,15.2,16.2,13.6,5,100
krupuk tempe besar rp. 500,248.082,15.2,16.2,13.6,5,100
krupuk udang,526.995,3,30.3,59.7,4,100
krupuk yeye,526.995,3,30.3,59.7,4,100
kue bangke mentga,467.962,1.8,32.9,44.3,14,100
kue bapuk/bakpau,174.948,5.1,0.5,37.2,2,100
kue baruasa,188.093,2.2,4.2,35.5,3,100
kue bipan,202.911,2.5,4.2,39,3,100
kue bolu,206.974,4.4,2,42.9,22,100
kue bolu coklat bundar,206.974,4.4,2,42.9,22,100
kue bolu gulung,206.974,4.4,2,42.9,22,100
kue bolu kacang,235.893,4.1,3.2,47.2,4,100
kue bolu kenari,206.974,4.4,2,42.9,22,100
kue bolu kering,206.974,4.4,2,42.9,22,100
kue bolu kukus,206.974,4.4,2,42.9,22,100
kue bolu rp. 100,206.974,4.4,2,42.9,22,100
kue cikak,173.992,3.8,0.3,38.3,1,100
kue dadar,188.093,2.2,4.2,35.5,3,100
kue dadar gulung,288.951,5.7,8.4,48.3,21,100
kue donat rp. 100,400.086,5.2,21.8,46.3,20,100
kue endog-endogan/onde- onde,344.877,5.7,12.9,52.9,2,100
kue gelangan/jalabria,401.042,1.8,26.1,40.9,8,100
kue gonjing/kue pancong,188.093,2.2,4.2,35.5,3,100
kue jalankote,249.994,2.2,7.8,43.9,5,100
kue jalankote (isinya saja),370.928,1.7,16.8,57.6,11,100
kue janda,188.093,2.2,4.2,35.5,3,100
kue kambeng-kambeng,188.093,2.2,4.2,35.5,3,100
kue kareri sala,188.093,2.2,4.2,35.5,3,100
kue lapis,402.954,5.7,22.9,44.3,32,100
kue lapis legit,402.954,5.7,22.9,44.3,32,100
kue lemet,503.095,2.2,25.6,69,4,100
kue mangkok/cimplo/apem,188.093,2.2,4.2,35.5,3,100
kue nagasari,184.986,2.1,2.8,39.9,2,100
kue pancong,288.951,4,13.6,38.4,8,100
kue pati singkong goreng,278.913,3.5,12.7,39.4,2,100
kue pia kac. ijo,227.05,4.2,0.8,52.2,8,100
kue pisang ijo + kuah,248.082,2.6,0.3,58.1,3,100
kue pisang molen rp. 100,188.093,5.6,2.2,37.1,20,100
kue putri salju,288.951,4,13.6,38.4,8,100
kue putu beras,188.093,2.2,4.2,35.5,3,100
kue roko'-roko' unti rp. 50 (nagasari),147.941,1.7,2.6,30.6,2,100
kue sakura,206.974,4.4,2,42.9,22,100
kue telur gabus/kue kontol bebek,206.974,4.4,2,42.9,22,100
kue timus,217.012,7.8,8,28.9,78,100
kue uler-uleran,206.974,4.4,2,42.9,22,100
kulit,527.951,3,30.3,60,4,100
kunci,325.04,12.7,13.8,58.2,52,100
kunyit,325.04,12.7,13.8,58.2,52,100
laos,325.04,12.7,13.8,58.2,52,100
lemper,188.093,2.2,4.2,35.5,3,100
lemper bakar,197.892,4.7,5.7,32.1,10,100
lengkuas,137.903,11.2,2.2,25.9,226,100
lodeh tahu and tempe,82.933,4.9,5.6,4.8,6,100
loder,18.881,0.5,0.8,3.2,1,100
lontong,188.093,2.2,4.2,35.5,3,100
lopis ketan,188.093,2.2,4.2,35.5,3,100
lumpia,125.953,5,3.7,17.7,25,100
martab ak kac abd meises?,418.967,8.1,21.5,49.7,27,100
martabak,319.065,7.7,18.1,31,29,100
martabak kacabd meises,414.904,7.1,20.5,52.1,27,100
merica,325.04,12.7,13.8,58.2,52,100
merica halus,325.04,12.7,13.8,58.2,52,100
milna,386.941,14,1,78.1,130,100
nagasari,212.949,2.5,8.8,33.5,6,100
oncom goreng,401.042,1.8,26.1,40.9,8,100
onde onde,278.913,3.5,12.7,39.4,2,100
onde onde singkong,278.913,3.5,12.7,39.4,2,100
ongol-ongol,143.878,0,0,36.2,8,100
opak,501.9,2.2,25.6,68.8,4,100
opak kentang,558.065,5.9,38.4,51,656,100
orog orog,184.986,1.2,2.6,40.8,3,100
oseng oseng kool belu,114.003,0.5,12.2,2.3,4,100
ote ote,206.974,4.4,2,42.9,22,100
ovaltine (tepung),338.902,9,2.4,79.9,88,100
pandan,137.903,11.2,2.2,25.9,226,100
papais,72.895,1.3,1.8,16.2,5,100
pastel,351.091,11.8,26.6,15.5,41,100
pepes ampela,93.927,14.1,3.8,0,30,100
pergedel kentang belu,272.938,8.7,21.6,11.7,22,100
perkedel jagung,142.922,7.3,7.4,13.9,26,100
pipis/keyimus,184.986,1.2,2.6,40.8,3,100
pisang goreng,157.979,0.9,10.4,17.5,1,100
pisang molen,211.993,1.6,15.4,18.2,2,100
pop corn/lappo/benno,439.999,6.9,18.1,65.4,30,100
promina,386.941,14,1,78.1,130,100
rawon,206.974,4.4,2,42.9,22,100
rengginang,412.992,6,10.5,71.5,0,100
rengginang ketan putih mentah,168.973,3.1,0.3,37.2,0,100
rengginang singkong mentah,300.901,2.5,0.7,73.4,5,100
risoles,246.887,10.3,7.6,33.3,25,100
salam,276.045,22.4,4.4,51.7,452,100
sambal,102.053,3.8,5.5,18.1,10,100
semprong,168.017,0.2,1.4,38.8,3,100
sengkulun,188.093,2.2,4.2,35.5,3,100
serabi,401.042,1.8,26.1,40.9,8,100
sereh,137.903,11.2,2.2,25.9,226,100
siomay,70.983,9.5,1.4,4.5,26,100
sirup ad plex,38.957,0,0,10,0,100
sirup batuk,38.957,0,0,10,0,100
sirup papasetamol,38.957,0,0,10,0,100
slondok,483.019,2.2,25.6,63.8,4,100
snack anak mas,500.944,6,25.7,62.1,3,100
snack boiki,526.995,3,30.3,59.7,4,100
snack idola,206.974,4.4,2,42.9,22,100
snack primarasa,500.944,6,25.7,62.1,3,100
snack rasa kelapa muda,707.918,6.6,67,30.4,40,100
snack super lipo (tapioka. gula. garam.,501.9,2.2,25.6,68.8,4,100
snack taro,500.944,6,25.7,62.1,3,100
snack taro/kenji snack top ten sn,500.944,6,25.7,62.1,3,100
snack tic tic makanan ringan/dora emon,558.065,5.9,38.4,51,656,100
snack tuyul & mbak yul (jagung. garam.,356.11,3.2,3.4,80.7,15,100
sun,386.941,14,1,78.1,130,100
tape goreng,495.925,1.8,30.5,57.2,4,100
tape ubi (poteng),329.103,2.5,0.7,81.7,5,100
air ikan cakalang,14.101,1,0.5,1.4,1019,100
air ikan layang,14.101,1,0.5,1.4,1019,100
air sayur,1.912,0.1,0,0.5,1,100
air sayur + isi,4.063,0.2,0.1,0.9,2,100
air sayur nangka,11.95,0.1,0,3.1,1,100
air sayur sukun,11.95,0.1,0,3.1,1,100
air tajin purworejo,18.881,0,0,5,0,100
bubur ayam,158.935,5.1,2.1,28.6,7,100
bubur beras bersantang purworejo,27.007,0.4,1.4,3.5,1,100
bubur campur belu,75.046,1.4,0.1,16.5,1,100
bubur cenil/bubur gintir/bubur candil,72.895,1.3,0.1,16,0,100
bubur halus campur susu belu,106.116,3.9,2.9,15.7,48,100
bubur havermuth,61.901,2.6,1,10.8,1,100
bubur kacang hijau belu,16.969,1.2,0.1,3.1,1,100
bubur kacang hijau with coconut milk,140.054,3.1,3.5,24.7,10,100
bubur kacang ijo and beras merah,113.047,3,0.2,24.8,1,100
bubur kacang ijo nestle,413.948,14.2,9.8,65.8,160,100
bubur kacang ijo with sugar and water,74.09,2.3,0.2,16.2,1,100
bubur ketan hitam,152.004,1.1,3.4,30.1,2,100
bubur lunac belu,36.089,0.7,0.1,8,0,100
bubur nasi,72.895,1.3,0.1,16,0,100
bubur nasi (belu),36.089,0.7,0.1,8,0,100
bubur nasi campur,65.964,2,0.5,13.3,1,100
bubur nasi campur kangkung,124.997,2.4,0.2,27.5,1,100
bubur nasi campur sawi belu,63.096,1.3,0.1,13.9,1,100
bubur nasi campur supermie belu,43.976,0.9,0.1,9.5,0,100
bubur nasi campur tomat belu,39.913,0.8,0.1,8.8,2,100
bubur nasi kac. hij. (belu),11.95,0.5,0,2.5,0,100
bubur nasi kecap,152.96,1.9,0.1,36.3,280,100
bubur nasi wortel,76.958,1.5,0.1,17.1,7,100
bubur nestle belu made up,41.108,1.4,1,6.6,16,100
bubur nestle dry,463.899,21.6,19,51.6,320,100
bubur nutricia sayur daging,413.948,14.2,9.8,65.8,160,100
bubur pacar,130.972,0.4,3.4,24.8,4,100
bubur saing,17.925,0.3,0,4,0,100
bubur sari buah nestle,596.066,17.5,10.1,105.9,160,100
bubur saring belu,72.895,1.3,0.1,16,0,100
bubur serelac made up belu,88.908,3.7,3.1,11.4,51,100
bubur sum sum belu,36.089,0.7,0.1,8,0,100
bubur sumsum/bubur belohok,34.894,0.3,0.9,6.7,1,100
bubur sun beras merah,45.888,2.2,1.9,5.2,32,100
bubur sun beras merah belu made up,41.108,1.4,1,6.6,16,100
bubur sun kacang hijau belu made up,82.933,2.8,2,13.2,32,100
bubur sun pisang belu made up,82.933,2.8,2,13.2,32,100
bubur tepung,72.895,1.3,0.1,16,0,100
bubur tepung beras dry rice flour,367.104,6.8,0.6,80.7,0,100
bubur tepung beras merah,72.895,1.3,0.1,16,0,100
bubur tepung beras -oko belu,56.882,2,1.4,9,22,100
bubur tepung jangung belu,86.996,1.9,0.9,18.5,8,100
bubur tim,79.109,2,0.5,16.1,6,100
bubur tim belu,43.02,1.4,0.4,8.1,6,100
cangkring tetelan,18.881,2.8,0.8,0,6,100
cerelac/ ceresoy,386.941,14,1,78.1,130,100
kuah asam ikan tembang belu,9.082,1.7,0.3,0,5,100
kuah sayur kool belu,28.919,0.5,2.2,2.4,4,100
saos tomat,32.026,1.4,0.5,6.9,14,100
soto ayam,108.028,7.4,4.6,8.7,30,100
soto daging,56.882,3.6,4.6,0,8,100
sup ayam belu,43.02,4,2.8,0,11,100
sup daging  belu,56.882,3.6,4.6,0,8,100
sup kacang hijau  belu,28.919,1.9,0.1,5.2,1,100
sup kacang merah  belu,32.026,2.2,0.1,5.7,1,100
susu bebelac,499.988,10.8,24.5,60.8,160,100
susu bendera 123,463.899,21.6,19,51.6,320,100
susu chilmil,445.018,16.2,14.3,63.7,240,100
susu dancow,463.899,21.6,19,51.6,320,100
susu dancow balita,463.899,21.6,19,51.6,320,100
susu dancow coklat,433.068,13,11.4,70.9,192,100
susu dancow instant,463.899,21.6,19,51.6,320,100
susu dancow made up(belu),38.957,1.3,1.1,6.1,19,100
susu enfamil,463.899,21.6,19,51.6,320,100
susu envapro,463.899,21.6,19,51.6,320,100
susu kental manis made up belu,331.015,8,9.8,55,138,100
susu lactogen,463.899,21.6,19,51.6,320,100
susu lactogen 1,499.988,10.8,24.5,60.8,160,100
susu lactogen 2,463.899,21.6,19,51.6,320,100
susu lactogen made up (belu),38.957,1.3,1.1,6.1,19,100
susu llm,499.988,10.8,24.5,60.8,160,100
susu morinaga,499.988,10.8,24.5,60.8,160,100
susu nutrilon,499.988,10.8,24.5,60.8,160,100
susu nutrima,463.899,21.6,19,51.6,320,100
susu promil,461.987,22.9,18.1,53.8,378,100
susu s26,499.988,10.8,24.5,60.8,160,100
susu sgm 1,499.988,10.8,24.5,60.8,160,100
susu sgm 2,463.899,21.6,19,51.6,320,100
susu sgm dry powder,463.899,21.6,19,51.6,320,100
susu sustagen,463.899,21.6,19,51.6,320,100
susu sustagen yunior,364.953,20.4,1.2,69.4,312,100
susu vitalac 1,499.988,10.8,24.5,60.8,160,100
susu vitalac 2,463.899,21.6,19,51.6,320,100
Puree wortel,47.8,2,0.2,48,45,100
Puree kentang,66.92,2,0.2,60,5,100
Puree labu kuning,50.19,1.5,0.1,46,15,100
Puree ubi jalar,59.75,2,0.1,58,10,100
Puree alpukat,71.7,3,15,15,5,100
Puree pisang,78.87,1,1,23,10,100
Bubur kacang hijau,59.75,4,0.5,40,25,100
Bubur beras merah,54.97,5,1,30,20,100
Puree brokoli,52.58,2,0.3,40,15,100
Bubur oatmeal,57.36,3,2,55,5,100
Bubur kacang merah,62.14,4,2.5,50,20,100
Bubur ayam dan labu,64.53,6,3,45,30,100
Nasi tim ayam,69.31,5,5,55,25,100
Nasi tim daging sapi,74.09,7,8,70,20,100
Nasi tim ikan,76.48,8,6,65,30,100
Sup sayuran,71.7,6,3,60,10,100
Bola-bola nasi dengan sayuran,74.09,7,4,62,15,100
Omelet sayur,71.7,8,2,50,20,100
Sup ayam dan kentang,62.14,4,1,30,15,100
Bubur sereal,54.97,3,0.5,40,10,100